code,display
M04AA01,allopurinol
M04AA03,febuxostat
M04AB03,benzbromarone
M04AC01,colchicine
A10BJ06,semaglutide
A10BJ02,liraglutide
A10BJ05,dulaglutide
A10BX16,tirzepatide
A10BA02,metformin
C08CA01,amlodipine
C10AA05,atorvastatin
L04AX03,methotrexate
P01BA02,hydroxychloroquine
A07EC01,sulfasalazine
L04AA13,leflunomide
H02AB06,prednisolone
L04AB04,adalimumab
L04AB01,etanercept
L04AC07,tocilizumab
J04AC01,isoniazid
J04AB05,rifapentine
J05AF10,entecavir
J05AF07,tenofovir disoproxil
L01EB04,osimertinib
